datetime,open,high,low,close,volume
2024-05-03T00:00:00+00:00,5081.3,5140.84,5074.03,5136.15,113172
2024-05-05T00:00:00+00:00,5136.15,5146.47,5136.15,5137.09,2882
2024-05-06T00:00:00+00:00,5137.09,5185.51,5133.09,5183.25,40857
2024-05-07T00:00:00+00:00,5183.25,5204.56,5180.240000000001,5192.93,47638
2024-05-08T00:00:00+00:00,5192.93,5196.68,5167.67,5188.450000000001,47727
2024-05-09T00:00:00+00:00,5188.450000000001,5224.740000000001,5174.200000000001,5222.5,53943
2024-05-10T00:00:00+00:00,5222.5,5242.55,5211.530000000001,5219.14,46852
2024-05-12T00:00:00+00:00,5219.14,5223.34,5219.14,5222.08,1466
2024-05-13T00:00:00+00:00,5222.08,5243.09,5212.39,5223.34,43280
2024-05-14T00:00:00+00:00,5223.34,5253.41,5195.86,5250.039999999999,59822.24573863636
2024-05-15T00:00:00+00:00,5250.039999999999,5317.509999999998,5245.019999999999,5315.759999999998,58041.67932489452
2024-05-16T00:00:00+00:00,5315.759999999998,5327.559999999999,5294.239999999999,5298.8899999999985,53049
2024-05-17T00:00:00+00:00,5298.8899999999985,5308.199999999999,5285.1799999999985,5306.98,44404
2024-05-19T00:00:00+00:00,5306.98,5317.24,5306.98,5316.37,1174
2024-05-20T00:00:00+00:00,5316.37,5330.12,5305.599999999999,5314.33,41730
2024-05-21T00:00:00+00:00,5314.33,5331.0999999999985,5305.37,5330.5999999999985,40137.80036395238
2024-05-22T00:00:00+00:00,5330.5999999999985,5332.839999999998,5291.379999999998,5326.359999999999,75953
2024-05-23T00:00:00+00:00,5326.359999999999,5353.379999999998,5264.549999999998,5279.1399999999985,121926.99883078251
2024-05-24T00:00:00+00:00,5279.1399999999985,5320.199999999999,5276.8899999999985,5305.73,67138
2024-05-26T00:00:00+00:00,5305.73,5310.04,5301.02,5301.79,1348
2024-05-27T00:00:00+00:00,5301.79,5320.59,5298.52,5308.08,16840.88006715796
2024-05-28T00:00:00+00:00,5308.08,5320.33,5278.36,5301.02,72999
2024-05-29T00:00:00+00:00,5301.02,5302.04,5244.62,5248.38,85377
2024-05-30T00:00:00+00:00,5248.38,5258.68,5219.92,5225.02,90954
2024-05-31T00:00:00+00:00,5225.02,5292.28,5187.81,5292.01,116847
2024-06-02T00:00:00+00:00,5292.01,5293.87,5280.11,5292,5255
2024-06-03T00:00:00+00:00,5292,5302.93,5236.66,5287.36,125771
2024-06-04T00:00:00+00:00,5287.36,5303.55,5252.09,5302.29,122225
2024-06-05T00:00:00+00:00,5302.29,5363.97,5296.78,5361.22,79296
2024-06-06T00:00:00+00:00,5361.22,5365.13,5337.25,5356.31,86361
2024-06-07T00:00:00+00:00,5356.31,5377.99,5321.43,5343.2,126478
2024-06-09T00:00:00+00:00,5343.2,5353.63,5341.64,5346.63,2911
2024-06-10T00:00:00+00:00,5346.63,5369.19,5331.87,5360.63,86686
2024-06-11T00:00:00+00:00,5360.63,5381.74,5327.93,5379.23,83721
2024-06-12T00:00:00+00:00,5379.23,5449.28,5375.73,5431.16,135950
2024-06-13T00:00:00+00:00,5431.16,5447.68,5403.46,5432.17,102350
2024-06-14T00:00:00+00:00,5432.17,5437.32,5392.3,5429.92,113841
2024-06-16T00:00:00+00:00,5429.92,5435.82,5428.3,5433.42,2702
2024-06-17T00:00:00+00:00,5433.42,5489.909999999999,5420.869999999999,5481.4,114599.67772215269
2024-06-18T00:00:00+00:00,5481.4,5495.2699999999995,5470.379999999999,5492.959999999998,106272.43456969022
2024-06-19T00:00:00+00:00,5492.959999999998,5497.98,5487.7999999999965,5497.670000000001,20466.19367098652
2024-06-20T00:00:00+00:00,5497.670000000001,5522.329999999998,5462.369999999998,5495.549999999998,221763.19003712013
2024-06-21T00:00:00+00:00,5495.549999999998,5499.549999999998,5468.059999999999,5480.2,110629
2024-06-23T00:00:00+00:00,5480.2,5485.11,5480.2,5482.49,1663
2024-06-24T00:00:00+00:00,5482.49,5503.79,5455.72,5465.49,105556
2024-06-25T00:00:00+00:00,5465.49,5486.56,5457.99,5481.04,77583
2024-06-26T00:00:00+00:00,5481.04,5498.8,5463.34,5472.74,85518.24139988069
2024-06-27T00:00:00+00:00,5472.74,5503.039999999999,5463.48,5502.909999999999,85873
2024-06-28T00:00:00+00:00,5502.909999999999,5533.0999999999985,5459.079999999999,5481.51,108793
2024-06-30T00:00:00+00:00,5481.51,5487.11,5478.35,5479.73,3819
2024-07-01T00:00:00+00:00,5479.73,5491.87,5455.41,5480.49,106042
2024-07-02T00:00:00+00:00,5480.49,5521.509999999999,5454.499999999999,5513.719999999999,85935
2024-07-03T00:00:00+00:00,5513.719999999999,5547.2699999999995,5511.449999999999,5531.73,57725.53178932563
2024-07-04T00:00:00+00:00,5531.73,5541.63,5526.269999999999,5540.359999999999,12333.298106018681
2024-07-05T00:00:00+00:00,5540.359999999999,5578.419999999999,5537.619999999999,5568.9,71566
2024-07-07T00:00:00+00:00,5568.9,5571.86,5564.84,5566.35,1952
2024-07-08T00:00:00+00:00,5566.35,5592.939999999999,5564.59,5592.699999999999,50546
2024-07-09T00:00:00+00:00,5592.699999999999,5600.889999999999,5583.48,5588.8099999999995,52653
2024-07-10T00:00:00+00:00,5588.8099999999995,5644.829999999999,5585.009999999999,5637.979999999999,41085
2024-07-11T00:00:00+00:00,5637.979999999999,5660.940000000001,5583.480000000002,5591.160000000003,123127.42890714719
2024-07-12T00:00:00+00:00,5591.160000000003,5661.710000000002,5576.170000000002,5623.61,97527
2024-07-14T00:00:00+00:00,5623.61,5640.04,5622.92,5629.44,5353
2024-07-15T00:00:00+00:00,5629.44,5675.99,5623.47,5649.31,122392
2024-07-16T00:00:00+00:00,5649.31,5679.649999999997,5631.329999999997,5671.5099999999975,120016
2024-07-17T00:00:00+00:00,5671.5099999999975,5672.779999999997,5590.5099999999975,5609.509999999997,166768
2024-07-18T00:00:00+00:00,5609.509999999997,5624.279999999997,5530.809999999997,5562.55,199251
2024-07-19T00:00:00+00:00,5562.55,5568.32,5504.450000000001,5511.9,187778
2024-07-21T00:00:00+00:00,5511.9,5537.44,5511.9,5535.68,6744
2024-07-22T00:00:00+00:00,5535.68,5579.72,5517.17,5569.499999999999,154512
2024-07-23T00:00:00+00:00,5569.499999999999,5593.789999999999,5538.409999999999,5539.919999999999,135001
2024-07-24T00:00:00+00:00,5539.919999999999,5548.179999999999,5427.599999999999,5451.629999999999,134073
2024-07-25T00:00:00+00:00,5451.629999999999,5500.45,5399.929999999999,5419.36,310058
2024-07-26T00:00:00+00:00,5419.36,5496.169999999999,5418.36,5467.45,238915
2024-07-28T00:00:00+00:00,5467.45,5483.98,5465.73,5481.96,5315
2024-07-29T00:00:00+00:00,5481.96,5503.71,5450.53,5458.42,201678
2024-07-30T00:00:00+00:00,5458.42,5497.49,5402.92,5450.7699999999995,254352
2024-07-31T00:00:00+00:00,5450.7699999999995,5560.21,5445.7699999999995,5557.96,254554
2024-08-01T00:00:00+00:00,5557.96,5571.24,5415.24,5432.84,410283
2024-08-02T00:00:00+00:00,5432.84,5436.099999999999,5303.63,5335.72,533594
2024-08-04T00:00:00+00:00,5335.72,5335.72,5287.91,5298.92,25226
2024-08-05T00:00:00+00:00,5298.92,5299.66,5095.16,5250.79,915379
2024-08-06T00:00:00+00:00,5250.79,5318.73,5198.73,5220.41,540355
2024-08-07T00:00:00+00:00,5220.41,5336.21,5159.95,5180.08,462208
2024-08-08T00:00:00+00:00,5180.08,5339.83,5176.44,5334.82,380689
2024-08-09T00:00:00+00:00,5334.82,5362.63,5296.82,5341.7,319192
2024-08-11T00:00:00+00:00,5341.7,5354,5328.98,5348.98,10281
2024-08-12T00:00:00+00:00,5348.98,5375.28,5326.65,5352,211172
2024-08-13T00:00:00+00:00,5352,5440.56,5346.99,5437.07,148137
2024-08-14T00:00:00+00:00,5437.07,5467.13,5418.36,5453.37,166000
2024-08-15T00:00:00+00:00,5453.37,5556.8,5450.610000000001,5552.54,122120
2024-08-16T00:00:00+00:00,5552.54,5565.74,5514.79,5558.89,120252.17527000088
2024-08-18T00:00:00+00:00,5558.89,5573.45,5558.89,5565.19,5596
2024-08-19T00:00:00+00:00,5565.19,5613.09,5545.2,5609.07,92121
2024-08-20T00:00:00+00:00,5609.07,5623.87,5588.35,5600.77,84976
2024-08-21T00:00:00+00:00,5600.77,5636.07,5594.57,5626.44,111494
2024-08-22T00:00:00+00:00,5626.44,5646.39,5564.5,5587.12,141784
2024-08-23T00:00:00+00:00,5587.12,5644.42,5585.12,5635.37,160644
2024-08-25T00:00:00+00:00,5635.37,5643.63,5624.86,5630.86,5581
2024-08-26T00:00:00+00:00,5630.86,5653.6900000000005,5604.67,5617.29,123906
2024-08-27T00:00:00+00:00,5617.29,5634.59,5596.820000000001,5621.6,112916
2024-08-28T00:00:00+00:00,5621.6,5636.35,5547.92,5558.54,164272
2024-08-29T00:00:00+00:00,5558.54,5650.360000000001,5558.29,5601.59,224533
2024-08-30T00:00:00+00:00,5601.59,5651.64,5581.01,5644.93,148165
2024-09-01T00:00:00+00:00,5644.93,5649.11,5640.85,5641.6,2505
2024-09-02T00:00:00+00:00,5641.6,5657.13,5626.84,5641.63,31112.603529383367
2024-09-03T00:00:00+00:00,5641.63,5653.89,5504.69,5521.3,194252
2024-09-04T00:00:00+00:00,5521.3,5553.6,5495.65,5512.75,242606
2024-09-05T00:00:00+00:00,5512.75,5546.55,5479.51,5499.84,205573
2024-09-06T00:00:00+00:00,5499.84,5522.28,5388.72,5390.2,280357
2024-09-08T00:00:00+00:00,5390.2,5413.48,5390.2,5410.97,8734
2024-09-09T00:00:00+00:00,5410.97,5486.03,5410.21,5480.23,140269
2024-09-10T00:00:00+00:00,5480.23,5499.53,5442.02,5491.94,156227
2024-09-11T00:00:00+00:00,5491.94,5561.999999999999,5406.719999999999,5552.009999999999,233306
2024-09-12T00:00:00+00:00,5552.009999999999,5604.1799999999985,5535.539999999999,5601.189999999999,212080
2024-09-13T00:00:00+00:00,5601.189999999999,5636.999999999998,5594.959999999998,5623.16,133658
2024-09-15T00:00:00+00:00,5623.16,5630.47,5618.95,5629.47,3960
2024-09-16T00:00:00+00:00,5629.47,5638.02,5605.76,5632.43,175592
2024-09-17T00:00:00+00:00,5632.43,5673.21,5614.94,5642.7,270232.2780823058
2024-09-18T00:00:00+00:00,5642.7,5694.36,5615.96,5658.08,362011
2024-09-19T00:00:00+00:00,5658.08,5736.39,5638.32,5721.03,292341
2024-09-20T00:00:00+00:00,5721.03,5726.1,5684.33,5709.44,124082
2024-09-22T00:00:00+00:00,5709.44,5720.820000000001,5708.82,5720.070000000001,2770
2024-09-23T00:00:00+00:00,5720.070000000001,5737.620000000001,5698.320000000001,5726.7,121066.34929866575
2024-09-24T00:00:00+00:00,5726.7,5748.85,5708.73,5746.72,114563
2024-09-25T00:00:00+00:00,5746.72,5752.78,5722.76,5744.01,97160
2024-09-26T00:00:00+00:00,5744.01,5785.16,5733.6900000000005,5760.8,121210
2024-09-27T00:00:00+00:00,5760.8,5777.1,5737.610000000001,5743.14,114531
2024-09-29T00:00:00+00:00,5743.14,5758.91,5736.39,5757.28,4056
2024-09-30T00:00:00+00:00,5757.28,5777.45,5713.46,5765.25,127755
2024-10-01T00:00:00+00:00,5765.25,5779.26,5690.04,5708.8,193243
2024-10-02T00:00:00+00:00,5708.8,5731.56,5682.58,5728.06,144396
2024-10-03T00:00:00+00:00,5728.06,5728.62,5684.58,5707.37,169508
2024-10-04T00:00:00+00:00,5707.37,5762.94,5700.12,5754.47,148357
2024-10-06T00:00:00+00:00,5754.47,5767.32,5754.47,5761.56,4467
2024-10-07T00:00:00+00:00,5761.56,5765.32,5685.8,5704.78,124148
2024-10-08T00:00:00+00:00,5704.78,5767.1,5696.78,5756.11,109989.25094404395
2024-10-09T00:00:00+00:00,5756.11,5807.19,5741.619999999999,5798.7699999999995,80272
2024-10-10T00:00:00+00:00,5798.7699999999995,5803.329999999999,5771.529999999999,5796.109999999999,103130
2024-10-11T00:00:00+00:00,5796.109999999999,5828.669999999999,5776.5999999999985,5815.38,72819
2024-10-13T00:00:00+00:00,5815.38,5822.93,5814.91,5818.16,2463
2024-10-14T00:00:00+00:00,5818.16,5880.960000000001,5812.91,5875.290000000001,57731
2024-10-15T00:00:00+00:00,5875.290000000001,5877.660000000001,5812.070000000001,5826.82,89020
2024-10-16T00:00:00+00:00,5826.82,5856.8899999999985,5817.149999999999,5842.97,70388.43606799704
2024-10-17T00:00:00+00:00,5842.97,5891.63,5835.34,5856.740000000001,101056
2024-10-18T00:00:00+00:00,5856.740000000001,5880.31,5841.38,5873.33,65847
2024-10-20T00:00:00+00:00,5873.33,5882.65,5873.33,5880.499999999999,2345
2024-10-21T00:00:00+00:00,5880.499999999999,5881.65,5832.179999999999,5863.589999999999,80601
2024-10-22T00:00:00+00:00,5863.589999999999,5872.159999999999,5828.86,5858.709999999999,85792.66556603773
2024-10-23T00:00:00+00:00,5858.709999999999,5862.739999999998,5770.039999999998,5812.689999999998,97627
2024-10-24T00:00:00+00:00,5812.689999999998,5839.799999999997,5792.739999999998,5821.4699999999975,99068
2024-10-25T00:00:00+00:00,5821.4699999999975,5871.529999999998,5806.029999999998,5810.69,88100.25411334552
2024-10-27T00:00:00+00:00,5810.69,5847.52,5810.69,5843.25,4671
2024-10-28T00:00:00+00:00,5843.25,5857.02,5831.94,5834.7,98091
2024-10-29T00:00:00+00:00,5834.7,5861.37,5810.74,5858.48,110548
2024-10-30T00:00:00+00:00,5858.48,5866.99,5805.9,5806.15,117257
2024-10-31T00:00:00+00:00,5806.15,5812.42,5707.679999999999,5718.33,143508
2024-11-01T00:00:00+00:00,5718.33,5779.26,5707.95,5736.45,133857
2024-11-03T00:00:00+00:00,5736.45,5736.45,5717.93,5727.67,5448
2024-11-04T00:00:00+00:00,5727.67,5754.18,5701.96,5721.48,119023
2024-11-05T00:00:00+00:00,5721.48,5803.06,5713.71,5794.540000000001,104089
2024-11-06T00:00:00+00:00,5794.540000000001,5945.610000000001,5794.06,5935.530000000001,267239
2024-11-07T00:00:00+00:00,5935.530000000001,5991.6,5929.780000000001,5985.130000000001,110244
2024-11-08T00:00:00+00:00,5985.130000000001,6018.200000000001,5968.150000000001,6002.64,79063
2024-11-10T00:00:00+00:00,6002.64,6018.76,6002.64,6017.78,2793
2024-11-11T00:00:00+00:00,6017.78,6034.02,5994.33,6008.91,70933
2024-11-12T00:00:00+00:00,6008.91,6017.740000000001,5968.22,5989.93,95769
2024-11-13T00:00:00+00:00,5989.93,6017,5973.7300000000005,6002.05,126773
2024-11-14T00:00:00+00:00,6002.05,6007.05,5946.280000000001,5949.110000000001,125290
2024-11-15T00:00:00+00:00,5949.110000000001,5949.870000000001,5858.92,5880.94,137213
2024-11-17T00:00:00+00:00,5880.94,5887.68,5875.05,5887.55,3818
2024-11-18T00:00:00+00:00,5887.55,5916.12,5869.69,5900.28,109399
2024-11-19T00:00:00+00:00,5900.28,5930.97,5838.52,5929.24,163534
2024-11-20T00:00:00+00:00,5929.24,5941.88,5864.43,5924.04,157169
2024-11-21T00:00:00+00:00,5924.04,5969.1,5889.03,5948.41,230561
2024-11-22T00:00:00+00:00,5948.41,5977.73,5925.17,5974.67,156609
2024-11-24T00:00:00+00:00,5974.67,5997.32,5974.67,5995.31,2359
2024-11-25T00:00:00+00:00,5995.31,6026.37,5968.85,5980.89,114940
2024-11-26T00:00:00+00:00,5980.89,6030.68,5963.13,6027.39,118871
2024-11-27T00:00:00+00:00,6027.39,6033.64,5987.69,6008.3,96225
2024-11-28T00:00:00+00:00,6008.3,6020.3,6006.78,6017.83,15697.610383073787
2024-11-29T00:00:00+00:00,6017.83,6048.02,6006.2,6028.58,55869.003216373596
2024-12-01T00:00:00+00:00,6039.62,6043.97,6033.71,6035.09,2822
2024-12-02T00:00:00+00:00,6035.09,6058.03,6025.46,6053.5599999999995,66986
2024-12-03T00:00:00+00:00,6053.5599999999995,6060.82,6037.89,6060.21,59197
2024-12-04T00:00:00+00:00,6060.21,6093.539999999999,6055.96,6085.829999999999,54409
2024-12-05T00:00:00+00:00,6085.829999999999,6098.61,6071.179999999999,6076.1799999999985,52226
2024-12-06T00:00:00+00:00,6076.1799999999985,6102.21,6069.18,6087.27,62414
2024-12-08T00:00:00+00:00,6087.27,6095.65,6087.27,6094.15,1939
2024-12-09T00:00:00+00:00,6094.15,6097.890000000001,6052.370000000002,6054.810000000001,60959
2024-12-10T00:00:00+00:00,6054.810000000001,6068.88,6033.11,6045.8099999999995,50874
2024-12-11T00:00:00+00:00,6045.8099999999995,6097.379999999998,6040.559999999998,6082.279999999998,49047
2024-12-12T00:00:00+00:00,6082.279999999998,6083.609999999998,6051.539999999998,6061.589999999998,68504
2024-12-13T00:00:00+00:00,6061.589999999998,6081.619999999998,6037.779999999998,6044.29,73564
2024-12-15T00:00:00+00:00,6044.29,6055.18,6044.29,6053.43,1513
2024-12-16T00:00:00+00:00,6053.43,6087.740000000001,6052.66,6071.18,106508
2024-12-17T00:00:00+00:00,6071.18,6076.820000000001,6038.31,6048.330000000001,154003
2024-12-18T00:00:00+00:00,6048.330000000001,6071.729999999999,5837.159999999999,5873.589999999999,418322.37421246036
2024-12-19T00:00:00+00:00,5873.589999999999,5935.639999999999,5863.079999999999,5871.279999999999,563465
2024-12-20T00:00:00+00:00,5871.279999999999,5987.589999999999,5803.019999999999,5931.92,301189
2024-12-22T00:00:00+00:00,5931.92,5966.32,5931.92,5961.44,5775
2024-12-23T00:00:00+00:00,5961.44,5984.07,5905.6,5977.44,198566
2024-12-24T00:00:00+00:00,5977.44,6041.11,5971.55,6040.61,61954
2024-12-26T00:00:00+00:00,6053.619999999999,6071.839999999988,6027.579999999988,6061.039999999988,134048.53422844497
2024-12-27T00:00:00+00:00,6061.039999999988,6061.039999999988,5948.839999999988,5972.16,185872
2024-12-29T00:00:00+00:00,5972.16,5982.18,5963.8,5971.05,3140
2024-12-30T00:00:00+00:00,5971.05,5973.81,5864.86,5900.94,199163
2024-12-31T00:00:00+00:00,5900.94,5931.09,5865.12,5893.199999999988,176365.92059935356
2025-01-02T00:00:00+00:00,5900.619999999999,5983.160000000007,5862.940000000007,5903.780000000007,371329.2795106546
2025-01-03T00:00:00+00:00,5903.780000000007,5985.450000000008,5902.150000000007,5935.92,153971
2025-01-05T00:00:00+00:00,5935.92,5948.59,5935.92,5943.57,2743
2025-01-06T00:00:00+00:00,5943.57,6020.87,5933.32,5979.36,171485.80101073912
2025-01-07T00:00:00+00:00,5979.36,5999.18,5888.91,5913.86,249774
2025-01-08T00:00:00+00:00,5913.86,5930.63,5872.91,5906.62,277262
2025-01-09T00:00:00+00:00,5906.62,5914.38,5882.280000000001,5886.52,43744.10064234522
2025-01-10T00:00:00+00:00,5886.52,5915.04,5801.570000000001,5818.21,307041
2025-01-12T00:00:00+00:00,5818.21,5826.98,5807.71,5819.46,7385
2025-01-13T00:00:00+00:00,5819.46,5862.12,5768.84,5853.37,321374
2025-01-14T00:00:00+00:00,5853.37,5879.38,5803.43,5848.26,283212
2025-01-15T00:00:00+00:00,5848.26,5962.299999999999,5840.74,5956.249999999999,177344.46208110222
2025-01-16T00:00:00+00:00,5956.249999999999,5979.749999999999,5924.099999999999,5937.99,227671.16537342386
2025-01-17T00:00:00+00:00,5937.99,6015.299999999999,5935.73,5996.01,164556
2025-01-19T00:00:00+00:00,5996.01,6005.47,5987.21,5990.58,3901
2025-01-20T00:00:00+00:00,5990.58,6045.250000000001,5984.990000000001,6036.82,87180.44800354104
2025-01-21T00:00:00+00:00,6036.82,6069.71,5963.34,6067.19,206765
2025-01-22T00:00:00+00:00,6067.19,6106.25,6066.07,6087.94,103017.24502116456
2025-01-23T00:00:00+00:00,6087.94,6126.009999999999,6073.69,6120.03,87830.33869535512
2025-01-24T00:00:00+00:00,6120.03,6134.59,6094.57,6101.85,108863.1017964072
2025-01-26T00:00:00+00:00,6101.85,6101.85,6073.03,6077.28,6637
2025-01-27T00:00:00+00:00,6077.28,6077.8,5922.05,6027.86,398853
2025-01-28T00:00:00+00:00,6027.86,6080.66,5998.91,6063.27,212705
2025-01-29T00:00:00+00:00,6063.27,6087,6017.8,6045.08,286669
2025-01-30T00:00:00+00:00,6045.08,6092.9,6033.13,6085.78,226058
2025-01-31T00:00:00+00:00,6085.78,6124.46,6034.4,6039.17,228674
2025-02-02T00:00:00+00:00,6039.17,6039.17,5920.65,5946.4,24243
2025-02-03T00:00:00+00:00,5946.4,6048.2,5914.38,6036.35,397276
2025-02-04T00:00:00+00:00,6036.35,6048.4,5966.58,6022.03,197017
2025-02-05T00:00:00+00:00,6022.03,6072.03,6000.03,6070.68,141840
2025-02-06T00:00:00+00:00,6070.68,6088.74,6050.34,6080.849999999999,117751.69012133185
2025-02-07T00:00:00+00:00,6080.849999999999,6103.92,6021.93,6031.63,227947.37237464538
2025-02-09T00:00:00+00:00,6031.63,6043.31,5996.44,6042.05,8193
2025-02-10T00:00:00+00:00,6042.05,6077.98,6039.69,6059.5599999999995,99965.19946517852
2025-02-11T00:00:00+00:00,6059.5599999999995,6080.86,6040.049999999999,6074.919999999999,108094.45358370802
2025-02-12T00:00:00+00:00,6074.919999999999,6079.429999999999,6003.41,6067.36,163846.30924901692
2025-02-13T00:00:00+00:00,6067.36,6120.919999999999,6036.349999999999,6115.879999999999,161979.13047819046
2025-02-14T00:00:00+00:00,6115.879999999999,6129.16,6103.639999999999,6112.92,82419.90509992142
2025-02-16T00:00:00+00:00,6112.92,6123.25,6112.92,6119.39,2029
2025-02-17T00:00:00+00:00,6119.39,6132.410000000001,6117.62,6124.509999999999,20895.370961182438
2025-02-18T00:00:00+00:00,6124.509999999999,6139.980000000001,6100.510000000002,6132.510000000002,90892.63571837227
2025-02-19T00:00:00+00:00,6132.510000000002,6149.5700000000015,6112.440000000001,6138.1100000000015,84716.52858363005
2025-02-20T00:00:00+00:00,6138.1100000000015,6140.350000000001,6085.630000000002,6120.770000000001,117872.23911626605
2025-02-21T00:00:00+00:00,6120.770000000001,6125.770000000001,6008.050000000002,6016.72,157537.323509712
2025-02-23T00:00:00+00:00,6016.72,6040.53,6016.72,6038.27,4636
2025-02-24T00:00:00+00:00,6038.27,6055.54,5982.59,5988.05,173165.52040816325
2025-02-25T00:00:00+00:00,5988.05,6004.81,5913.1,5975.26,245187
2025-02-26T00:00:00+00:00,5975.26,6013.05,5935.03,5968.32,210542.67849686847
2025-02-27T00:00:00+00:00,5968.32,6004.33,5863.11,5877.75,316208.0634254401
2025-02-28T00:00:00+00:00,5877.75,5961.31,5838.26,5948.1,325968
2025-03-02T00:00:00+00:00,5948.1,5975.84,5948.1,5965.84,7716
2025-03-03T00:00:00+00:00,5965.84,5992.11,5813.39,5862.8,503923
2025-03-04T00:00:00+00:00,5862.8,5876.57,5736.59,5826.95,600765
2025-03-05T00:00:00+00:00,5826.95,5862.61,5743.86,5838.61,513735.34820341645
2025-03-06T00:00:00+00:00,5838.61,5843.38,5713.66,5758.56,467585
2025-03-07T00:00:00+00:00,5758.56,5784.85,5666.85,5765.57,544859
2025-03-09T00:00:00+00:00,5765.57,5765.57,5705.05,5728.05,22606
2025-03-10T00:00:00+00:00,5728.05,5751.83,5566.35,5597.67,489317
2025-03-11T00:00:00+00:00,5597.67,5646.92,5530.22,5589.51,615334
2025-03-12T00:00:00+00:00,5589.51,5670.28,5546.56,5616.95,414486
2025-03-13T00:00:00+00:00,5616.95,5619.22,5505.75,5549.06,474731
2025-03-14T00:00:00+00:00,5549.06,5644.87,5543.33,5623.66,317125
2025-03-16T00:00:00+00:00,5623.66,5629.34,5600.08,5606.1,15453
2025-03-17T00:00:00+00:00,5606.1,5704.9,5596.58,5677.49,380539
2025-03-18T00:00:00+00:00,5677.49,5681.01,5598.04,5619.65,422057
2025-03-19T00:00:00+00:00,5619.65,5717.2,5604.89,5694.61,401230
2025-03-20T00:00:00+00:00,5694.61,5712.68,5630.11,5663.92,448357
2025-03-21T00:00:00+00:00,5663.92,5673.18,5600.92,5668.02,277018
2025-03-23T00:00:00+00:00,5668.02,5705.96,5668.02,5704.08,6617
2025-03-24T00:00:00+00:00,5704.08,5777.130000000001,5702.57,5764.11,108748.7051153234
2025-03-25T00:00:00+00:00,5764.11,5788.620000000003,5753.560000000003,5785.540000000003,101603.89717868622
2025-03-26T00:00:00+00:00,5785.540000000003,5789.550000000003,5684.560000000003,5701.300000000003,158268.33236679956
2025-03-27T00:00:00+00:00,5701.300000000003,5733.350000000004,5673.830000000004,5690.540000000004,218940.59375
2025-03-28T00:00:00+00:00,5690.540000000004,5702.2900000000045,5561.94,5563.92,204412.17998700455
2025-03-30T00:00:00+00:00,5563.92,5563.92,5539.05,5551.77,12679
2025-03-31T00:00:00+00:00,5551.77,5631.59,5492.82,5595.53,310143
2025-04-01T00:00:00+00:00,5595.53,5656.03,5560.33,5643.53,363013
2025-04-02T00:00:00+00:00,5643.53,5733.65,5442.77,5473.64,464639
2025-04-03T00:00:00+00:00,5473.64,5526.27,5369.37,5384.35,591433
2025-04-04T00:00:00+00:00,5384.35,5396.87,5035.85,5066.84,1177634
2025-04-06T00:00:00+00:00,5066.84,5066.84,4805.62,4881.26,54832
2025-04-07T00:00:00+00:00,4881.26,5252.31,4809.39,5116.75,1564011
2025-04-08T00:00:00+00:00,5116.75,5272.94,4897.89,4927,1081274
2025-04-09T00:00:00+00:00,4927,5496.75,4843.64,5482.5,1279463
2025-04-10T00:00:00+00:00,5482.5,5485.88,5114.78,5244.99,1179003
2025-04-11T00:00:00+00:00,5244.99,5388.28,5176.63,5369.22,891524
2025-04-13T00:00:00+00:00,5369.22,5445.2,5369.22,5400.94,26656
2025-04-14T00:00:00+00:00,5400.94,5468.95,5362.36,5392.41,560858
2025-04-15T00:00:00+00:00,5392.41,5455.98,5346.76,5357.99,426724
2025-04-16T00:00:00+00:00,5357.99,5396.51,5222.79,5281.14,506992
2025-04-17T00:00:00+00:00,5281.14,5344.13,5258.56,5299.37,532845
2025-04-20T00:00:00+00:00,5299.37,5299.37,5254.1,5267.96,10085
2025-04-21T00:00:00+00:00,5267.96,5278.08,5102.5,5181.75,238016
2025-04-22T00:00:00+00:00,5181.75,5399.97,5174.23,5388.71,335530
2025-04-23T00:00:00+00:00,5388.71,5475.78,5354.21,5388.07,529009
2025-04-24T00:00:00+00:00,5388.07,5517.56,5331.57,5504.37,281090
2025-04-25T00:00:00+00:00,5504.37,5538.37,5456.29,5528.1,328313
2025-04-27T00:00:00+00:00,5528.1,5528.1,5504.72,5508.34,6975
2025-04-28T00:00:00+00:00,5508.34,5556.29,5470.52,5533.32,240160.87839433295
2025-04-29T00:00:00+00:00,5533.32,5575.64,5499.82,5550.01,282916
2025-04-30T00:00:00+00:00,5550.01,5617.9,5433.8,5613.29,420719
2025-05-01T00:00:00+00:00,5613.29,5661.34,5580.32,5590.94,290124
2025-05-02T00:00:00+00:00,5590.94,5703.89,5584.58,5687.18,269259
2025-05-04T00:00:00+00:00,5687.18,5687.18,5651.46,5658.46,9845
2025-05-05T00:00:00+00:00,5658.46,5686.52,5635.46,5647.65,170469
2025-05-06T00:00:00+00:00,5647.65,5671.02,5586.03,5653.67,247315
2025-05-07T00:00:00+00:00,5653.67,5663.4,5578.45,5628.33,402360
2025-05-08T00:00:00+00:00,5628.33,5723.5,5623.69,5661.44,282131
2025-05-09T00:00:00+00:00,5661.44,5694.46,5644.75,5660.54,232029
2025-05-11T00:00:00+00:00,5660.54,5751.13,5660.54,5729.11,17630
2025-05-12T00:00:00+00:00,5729.11,5859.509999999997,5727.1,5839.6299999999965,268856.9194860394
2025-05-13T00:00:00+00:00,5839.6299999999965,5909.759999999997,5818.869999999997,5890.869999999997,166755
2025-05-14T00:00:00+00:00,5890.869999999997,5908.1299999999965,5873.359999999997,5879.099999999997,186468
2025-05-15T00:00:00+00:00,5879.099999999997,5926.849999999997,5849.329999999996,5918.179999999997,188977.49898557487
2025-05-16T00:00:00+00:00,5918.179999999997,5959.689999999997,5905.419999999996,5953.64,120938.97449330646
2025-05-18T00:00:00+00:00,5953.64,5953.64,5903.66,5924.2,11009
2025-05-19T00:00:00+00:00,5924.2,5981.1600000000035,5876.2,5975.650000000003,173941.31771458866
2025-05-20T00:00:00+00:00,5975.650000000003,5979.4100000000035,5915.400000000003,5944.030000000003,164733
2025-05-21T00:00:00+00:00,5944.030000000003,5947.170000000004,5837.030000000003,5850.730000000003,311052
2025-05-22T00:00:00+00:00,5850.730000000003,5884.980000000003,5818.930000000003,5850.080000000004,264202
2025-05-23T00:00:00+00:00,5850.080000000004,5861.830000000004,5747.2000000000035,5794.97,357592
2025-05-25T00:00:00+00:00,5794.97,5864.76,5794.97,5853.76,16667
2025-05-26T00:00:00+00:00,5853.76,5883.16,5850.02,5867.49,51996.372603004995
2025-05-27T00:00:00+00:00,5867.49,5930.38,5851.1,5926.12,120814
2025-05-28T00:00:00+00:00,5926.12,5987.1,5878.84,5981.1,172506.38140786884
2025-05-29T00:00:00+00:00,5981.1,5997.35,5873.35,5894.03,281587
2025-05-30T00:00:00+00:00,5894.03,5922.28,5842.77,5902.26,298313
2025-06-01T00:00:00+00:00,5902.26,5902.26,5884.38,5889.75,5604
2025-06-02T00:00:00+00:00,5889.75,5946.4,5858.64,5926.71,193139
2025-06-03T00:00:00+00:00,5926.71,5982.73,5900.96,5975.61,113221.60701826034
2025-06-04T00:00:00+00:00,5975.61,5990.88,5964.83,5966.36,122642.51061616522
2025-06-05T00:00:00+00:00,5966.36,6002.62,5921.1,5939.18,268728.6017582278
2025-06-06T00:00:00+00:00,5939.18,6017.19,5938.93,6002.68,156551.4997002997
2025-06-08T00:00:00+00:00,6002.68,6009.76,5989.12,5997.37,6672
2025-06-09T00:00:00+00:00,5997.37,6022.14,5986.62,6008.37,88458.75309133211
2025-06-10T00:00:00+00:00,6008.37,6047.79,5986.42,6037.3,144093.9606054057
2025-06-11T00:00:00+00:00,6037.3,6070.42,6002.03,6014.97,191741
2025-06-12T00:00:00+00:00,6014.97,6047.46,5984.2,6010.360000000001,150142.27272727274
2025-06-13T00:00:00+00:00,6010.360000000001,6025.62,5923.6,5979.07,368692
2025-06-15T00:00:00+00:00,5979.07,5987.3,5944.27,5985.15,23770
2025-06-16T00:00:00+00:00,5985.15,6052.05,5979.78,5996.53,197563
2025-06-17T00:00:00+00:00,5996.53,6024.54,5962.88,5969.13,344316
2025-06-18T00:00:00+00:00,5969.13,6019.03,5969.01,5979.4,328763
2025-06-19T00:00:00+00:00,5979.4,5980.42,5916.75,5964.37,129588.8977910381
2025-06-20T00:00:00+00:00,5964.37,6018.37,5950.61,5971.93,198840
2025-06-22T00:00:00+00:00,5971.93,5971.93,5907.59,5947.24,19448
2025-06-23T00:00:00+00:00,5947.24,6062.13,5937.34,6058,243657
2025-06-24T00:00:00+00:00,6058,6104.39,6048.61,6095.87,134834.38533145277
2025-06-25T00:00:00+00:00,6095.87,6109.88,6080.62,6097.37,70302.35891203895
2025-06-26T00:00:00+00:00,6097.37,6157.14,6095.38,6148.39,68991.23135863827
2025-06-27T00:00:00+00:00,6148.39,6190.64,6135.12,6170.63,93328.82259463362
2025-06-29T00:00:00+00:00,6170.63,6197.64,6170.63,6190.87,4755
2025-06-30T00:00:00+00:00,6190.87,6218.14,6176.88,6203.39,80959.92337788975
2025-07-01T00:00:00+00:00,6203.39,6214.88,6180.37,6206.13,101844
2025-07-02T00:00:00+00:00,6206.13,6234.13,6189.87,6232.88,77419.73757838881
2025-07-03T00:00:00+00:00,6232.88,6288.39,6225.87,6271.13,56688.536149746105
2025-07-04T00:00:00+00:00,6271.13,6274.14,6224.4800000000005,6227.4800000000005,39686.877965492306
2025-07-06T00:00:00+00:00,6239.39,6270.76,6239.39,6259.12,6991
2025-07-07T00:00:00+00:00,6259.12,6272.64,6204.12,6227.14,129091
2025-07-08T00:00:00+00:00,6227.14,6247.89,6221.13,6230.12,89172.20257314468
2025-07-09T00:00:00+00:00,6230.12,6274.89,6219.63,6263.64,80993.07215501342
2025-07-10T00:00:00+00:00,6263.64,6295.88,6247.87,6290.89,61322.959827833576
2025-07-11T00:00:00+00:00,6290.89,6291.14,6237.87,6255.64,111094
2025-07-13T00:00:00+00:00,6255.64,6255.64,6227.17,6239.45,8257
2025-07-14T00:00:00+00:00,6239.45,6278.97,6223.7,6267.96,78834.96320570512
2025-07-15T00:00:00+00:00,6267.96,6306.96,6229.57,6237.32,118317.40333753149
2025-07-16T00:00:00+00:00,6237.32,6273.59,6206.08,6258.64,189220.3524885387
2025-07-17T00:00:00+00:00,6258.64,6316.53,6253.88,6314.78,71932.6265547456
2025-07-18T00:00:00+00:00,6314.78,6322.77,6288.77,6300.78,66578.07875655594
2025-07-20T00:00:00+00:00,6300.78,6310.74,6297.74,6310.49,2713
2025-07-21T00:00:00+00:00,6310.49,6342,6306.51,6316.799999999999,45698.629531814986
2025-07-22T00:00:00+00:00,6316.799999999999,6333.239999999999,6287.809999999999,6331.739999999999,106858.91722228093
2025-07-23T00:00:00+00:00,6331.739999999999,6376.739999999999,6318.479999999999,6373.909999999999,104749
2025-07-24T00:00:00+00:00,6373.909999999999,6388.169999999998,6361.659999999999,6381.499999999998,73438.96243917911
2025-07-25T00:00:00+00:00,6381.499999999998,6401.249999999998,6371.729999999999,6397.73,49914.9120461995
2025-07-27T00:00:00+00:00,6397.73,6426.86,6397.73,6419.86,6096
2025-07-28T00:00:00+00:00,6419.86,6429.88,6380.86,6400.66,59609.92001441519
2025-07-29T00:00:00+00:00,6400.66,6415.17,6369.15,6381.08,88598.70177797707
2025-07-30T00:00:00+00:00,6381.08,6420.81,6340.59,6416.31,157574.72032151627
2025-07-31T00:00:00+00:00,6416.31,6442.31,6324.99,6337.36,205335
2025-08-01T00:00:00+00:00,6337.36,6346.99,6214.22,6240.28,308670
2025-08-03T00:00:00+00:00,6240.28,6250.08,6228.84,6248.59,10732
2025-08-04T00:00:00+00:00,6248.59,6349.33,6247.08,6341.7,124064
2025-08-05T00:00:00+00:00,6341.7,6354.97,6291.56,6295.08,200037
2025-08-06T00:00:00+00:00,6295.08,6366.26,6294.31,6359.26,173932
2025-08-07T00:00:00+00:00,6359.26,6405.76,6313.24,6355.9,233936
2025-08-08T00:00:00+00:00,6355.9,6404.9,6348.15,6401.38,87414.98492229181
2025-08-10T00:00:00+00:00,6401.38,6405.43,6393.54,6395.16,4105
2025-08-11T00:00:00+00:00,6395.16,6411.8,6368.04,6379.85,84566.26258390484
2025-08-12T00:00:00+00:00,6379.85,6454.12,6372.35,6452.63,159104.97440394294
2025-08-13T00:00:00+00:00,6452.63,6483.63,6442.36,6469.11,102858.08829973672
2025-08-14T00:00:00+00:00,6469.11,6477.84,6434.84,6471.56,114940.8836807115
2025-08-15T00:00:00+00:00,6471.56,6489.81,6442.55,6446.57,91137.68144448698
2025-08-17T00:00:00+00:00,6446.57,6465.35,6446.57,6463.48,3060
2025-08-18T00:00:00+00:00,6463.48,6466.99,6438.97,6454.54,77555.27522433753
2025-08-19T00:00:00+00:00,6454.54,6459.56,6402.56,6411.3,97951.36839256721
2025-08-20T00:00:00+00:00,6411.3,6414.55,6346.79,6395.64,186310
2025-08-21T00:00:00+00:00,6395.64,6403.41,6354.89,6383.16,167801
2025-08-22T00:00:00+00:00,6383.16,6481.18,6348.92,6470.18,211361.9269264836
2025-08-24T00:00:00+00:00,6470.18,6480,6466.02,6470.03,4948
2025-08-25T00:00:00+00:00,6470.03,6474.03,6439.78,6447.2,72982.37137800085
2025-08-26T00:00:00+00:00,6447.2,6476.57,6417.94,6474.3,109443.7153130692
2025-08-27T00:00:00+00:00,6474.3,6493.18,6447.57,6464.47,81608.28160932624
2025-08-28T00:00:00+00:00,6464.47,6511.74,6459.72,6502.98,88971.3352919574
2025-08-29T00:00:00+00:00,6502.98,6505.48,6444.23,6461.98,101116.45155911174
2025-08-31T00:00:00+00:00,6461.98,6481.13,6461.98,6479.39,3262
2025-09-01T00:00:00+00:00,6479.39,6482.64,6450.62,6460.61,35460.85512065192
2025-09-02T00:00:00+00:00,6460.61,6467.11,6362.38,6426.37,173391
2025-09-03T00:00:00+00:00,6426.37,6455.87,6417.11,6447.5,100527
2025-09-04T00:00:00+00:00,6447.5,6508.93,6445.99,6506.79,94758
2025-09-05T00:00:00+00:00,6506.79,6532.8,6443.29,6478.06,180227.62445731
2025-09-07T00:00:00+00:00,6478.06,6499.35,6473.33,6498.09,6892
2025-09-08T00:00:00+00:00,6498.09,6509.6,6483.35,6503.36,81308.74724626835
2025-09-09T00:00:00+00:00,6503.36,6531.66,6482.86,6524.18,91226.1012574454
2025-09-10T00:00:00+00:00,6524.18,6557.14,6516.91,6540.61,96235
2025-09-11T00:00:00+00:00,6540.61,6594.86,6531.57,6588.5,88283.23424657535
2025-09-12T00:00:00+00:00,6588.5,6600.63,6571.74,6585.05,59359.4138831015
2025-09-14T00:00:00+00:00,6585.05,6589,6582.48,6584.49,2287.2422502870263
2025-09-15T00:00:00+00:00,6584.49,6619.63,6581.62,6616.92,95227.65610113295
2025-09-16T00:00:00+00:00,6616.92,6635.92,6601.150000000001,6612.61,145616.74043367346
2025-09-17T00:00:00+00:00,6612.61,6626.62,6551.82,6624.01,482920.87403993856
2025-09-18T00:00:00+00:00,6624.01,6660.52,6611.26,6643.77,277956.0186956522
2025-09-19T00:00:00+00:00,6643.77,6672.02,6620.25,6661.13,93923
2025-09-21T00:00:00+00:00,6661.13,6663.51,6654.87,6657.38,2767
2025-09-22T00:00:00+00:00,6657.38,6699.38,6637.62,6694.38,72706.38091637444
2025-09-23T00:00:00+00:00,6694.38,6699.89,6645.25,6662.37,93207.05075390737
2025-09-24T00:00:00+00:00,6662.37,6673.14,6622.62,6643.89,94648.03584009691
2025-09-25T00:00:00+00:00,6643.89,6650.89,6569.87,6603.23,160522.04645183915
2025-09-26T00:00:00+00:00,6603.23,6647.23,6597.48,6644.72,156252
2025-09-28T00:00:00+00:00,6644.72,6653.73,6643.18,6651.98,3384
2025-09-29T00:00:00+00:00,6651.98,6682.23,6642.71,6658.06,92698.00392797223
2025-09-30T00:00:00+00:00,6658.06,6690.31,6639.55,6670.73,132426
2025-10-01T00:00:00+00:00,6670.73,6716.73,6627.46,6707.97,119834.34359916206
2025-10-02T00:00:00+00:00,6707.97,6730.48,6689.96,6718.02,102126.69396509774
2025-10-03T00:00:00+00:00,6718.02,6748.54,6702.79,6712.03,99022.41102375342
2025-10-05T00:00:00+00:00,6712.03,6732.55,6712.03,6727.55,5839
2025-10-06T00:00:00+00:00,6727.55,6746.79,6715.78,6728.48,84798.11354187097
2025-10-07T00:00:00+00:00,6728.48,6752.719999999999,6697.469999999999,6710.48,105491.25572529291
2025-10-08T00:00:00+00:00,6710.48,6764.05,6709.349999999999,6760.79,68144.90195732357
2025-10-09T00:00:00+00:00,6760.79,6760.8,6712.79,6741.42,101252.55443392774
2025-10-10T00:00:00+00:00,6741.42,6758.44,6541.67,6552.19,451403.18640398246
2025-10-12T00:00:00+00:00,6552.19,6604.060000000001,6525.29,6601.680000000001,151430.26219523753
2025-10-13T00:00:00+00:00,6601.680000000001,6644.700000000001,6586.430000000001,6625.590000000001,262260
2025-10-14T00:00:00+00:00,6625.590000000001,6656.600000000001,6527.560000000001,6623.830000000001,371065
2025-10-15T00:00:00+00:00,6623.830000000001,6701.590000000001,6586.340000000001,6651.050000000001,253887
2025-10-16T00:00:00+00:00,6651.050000000001,6686.5700000000015,6568.300000000001,6588.440000000001,406188
2025-10-17T00:00:00+00:00,6588.440000000001,6671.87,6508.420000000001,6668.93,471349
2025-10-19T00:00:00+00:00,6668.93,6687.54,6663.29,6667.29,9138
2025-10-20T00:00:00+00:00,6667.29,6745.01,6655.78,6740.53,138023
2025-10-21T00:00:00+00:00,6740.53,6752.53,6722.01,6733.28,130070
2025-10-22T00:00:00+00:00,6733.28,6752.4,6654.17,6691.92,294706
2025-10-23T00:00:00+00:00,6691.92,6750.82,6682.3,6746.89,170705.086042065
2025-10-24T00:00:00+00:00,6746.89,6807.02,6743.01,6792.52,107619
2025-10-26T00:00:00+00:00,6792.52,6858.97,6792.52,6839.96,11671
2025-10-27T00:00:00+00:00,6839.96,6888.07,6836.46,6881.44,76330.53440793553
2025-10-28T00:00:00+00:00,6881.44,6915.2,6872.18,6899.89,97805
2025-10-29T00:00:00+00:00,6899.89,6923.91,6854.41,6895.86,273590
2025-10-30T00:00:00+00:00,6895.86,6926.98,6824.62,6873.11,371713
2025-10-31T00:00:00+00:00,6873.11,6892.87,6818.12,6844.67,190228
2025-11-02T00:00:00+00:00,6844.67,6871.46,6844.67,6868.82,4253
2025-11-03T00:00:00+00:00,6868.82,6885.83,6825.69,6854.33,164082.16427901995
2025-11-04T00:00:00+00:00,6854.33,6854.46,6764.57,6772.75,273132
2025-11-05T00:00:00+00:00,6772.75,6837.02,6727.89,6814.67,278914
2025-11-06T00:00:00+00:00,6814.67,6823.68,6713.66,6745.52,330542
2025-11-07T00:00:00+00:00,6745.52,6752.17,6636.15,6742.42,436151
2025-11-09T00:00:00+00:00,6742.42,6776.65,6742.42,6766.89,6725
2025-11-10T00:00:00+00:00,6766.89,6847.64,6753.88,6844.11,171226
2025-11-11T00:00:00+00:00,6844.11,6861.88,6812.61,6853.79,162671
2025-11-12T00:00:00+00:00,6853.79,6882.91,6834.22,6841.26,174882
2025-11-13T00:00:00+00:00,6841.26,6875.27,6729,6749.49,382374
2025-11-14T00:00:00+00:00,6749.49,6778.01,6653.24,6747.01,436090
2025-11-16T00:00:00+00:00,6747.01,6754.65,6724.63,6750.9,8880
2025-11-17T00:00:00+00:00,6750.9,6785.65,6642.63,6686.35,397098
2025-11-18T00:00:00+00:00,6686.35,6693.35,6578.6,6627.14,719246
2025-11-19T00:00:00+00:00,6627.14,6717.98,6598.87,6717.09,521794
2025-11-20T00:00:00+00:00,6717.09,6776.23,6524.96,6551.49,809635
2025-11-21T00:00:00+00:00,6551.49,6663.25,6510.73,6617.48,868508
2025-11-23T00:00:00+00:00,6617.48,6653.9,6617.48,6640.76,6856
2025-11-24T00:00:00+00:00,6640.76,6719.4,6612.88,6709.72,316714
2025-11-25T00:00:00+00:00,6709.72,6779.97,6662.2,6771.81,291341
2025-11-26T00:00:00+00:00,6771.81,6834.69,6768.42,6817.93,174636.68407835258
2025-11-27T00:00:00+00:00,6817.93,6825.87,6812.82,6825.49,31417.41499804338
2025-11-28T00:00:00+00:00,6825.49,6852.86,6820.61,6846.6,65067
2025-11-30T00:00:00+00:00,6846.6,6855.01,6839.01,6843.52,5981
2025-12-01T00:00:00+00:00,6843.52,6846.28,6792.76,6816.26,211883
2025-12-02T00:00:00+00:00,6816.26,6854.78,6803.76,6837.84,168728
2025-12-03T00:00:00+00:00,6837.84,6865.08,6809.58,6855.77,166339.227200307
2025-12-04T00:00:00+00:00,6855.77,6873.14,6828.66,6855.66,150229
2025-12-05T00:00:00+00:00,6855.66,6896.93,6848.91,6872.43,121479
2025-12-07T00:00:00+00:00,6872.43,6879.78,6870.77,6874.65,3244
2025-12-08T00:00:00+00:00,6874.65,6887.53,6828.82,6862.77,117594
2025-12-09T00:00:00+00:00,6862.77,6867.33,6838.26,6841.56,110533.16004886988
2025-12-10T00:00:00+00:00,6841.56,6902.87,6825.62,6878.23,211184.29528035497
2025-12-11T00:00:00+00:00,6878.23,6924.38,6812.86,6899.81,231441
2025-12-12T00:00:00+00:00,6899.81,6909.07,6800.99,6829.45,243662
2025-12-14T00:00:00+00:00,6829.45,6834.7,6815.45,6829.95,5498
2025-12-15T00:00:00+00:00,6829.95,6869.46,6802.99,6814.65,282632
2025-12-16T00:00:00+00:00,6814.65,6831.02,6759.44,6788.08,609761
2025-12-17T00:00:00+00:00,6788.08,6824.48,6721.51,6728.72,638294
2025-12-18T00:00:00+00:00,6728.72,6816.92,6718.6,6776.43,572444
2025-12-19T00:00:00+00:00,6776.43,6840.43,6767.16,6839.41,176232
2025-12-21T00:00:00+00:00,6839.41,6858.51,6839.41,6854.76,3205
2025-12-22T00:00:00+00:00,6854.76,6885.05,6849.01,6880.5,87476
2025-12-23T00:00:00+00:00,6880.5,6913.3,6862.99,6907.58,76046.66848739496
2025-12-24T00:00:00+00:00,6907.58,6938.789999999999,6903.21,6930.78,35199.161169449864
2025-12-26T00:00:00+00:00,6944.219999999999,6954.030000000081,6928.55,6929.05,75401.65815033171
2025-12-28T00:00:00+00:00,6929.05,6936.13,6929.05,6933.11,1915
2025-12-29T00:00:00+00:00,6933.11,6938.37,6889.67,6905.34,97054.5382848392
2025-12-30T00:00:00+00:00,6905.34,6915.91,6894.06,6897.31,63096.794510942185
2025-12-31T00:00:00+00:00,6897.31,6906.32,6848.380000000009,6853.66000000002,75366.45876107863
2026-01-02T00:00:00+00:00,6866.02,6881.059999999974,6808.0399999999745,6854.74,203596.8495477002
2026-01-04T00:00:00+00:00,6854.74,6865.58,6853.96,6861.46,6049
2026-01-05T00:00:00+00:00,6861.46,6918,6856.96,6896.44,138230
2026-01-06T00:00:00+00:00,6896.44,6947.16,6885.679999999999,6942.41,93265.66329766295
2026-01-07T00:00:00+00:00,6942.41,6962.21,6913.66,6921.139999999999,117508
2026-01-08T00:00:00+00:00,6921.139999999999,6934.15,6891.889999999999,6921.24,180446
2026-01-09T00:00:00+00:00,6921.24,6974.91,6911.599999999999,6959.63,160633
2026-01-11T00:00:00+00:00,6959.63,6967.15,6950.76,6957.02,4029
2026-01-12T00:00:00+00:00,6957.02,6984.08,6909.01,6966.14,116558
2026-01-13T00:00:00+00:00,6966.14,6996.4,6936.94,6958.86,153377
2026-01-14T00:00:00+00:00,6958.86,6963.51,6884.29,6922.34,237846
2026-01-15T00:00:00+00:00,6922.34,6979.89,6915.07,6952.59,176744.8544913742
2026-01-16T00:00:00+00:00,6952.59,6969.85,6923.63,6939.85,126751
2026-01-18T00:00:00+00:00,6939.85,6939.85,6875.85,6898.34,13557
2026-01-19T00:00:00+00:00,6898.34,6898.71,6852.63,6872.61,103125.53450607952
2026-01-20T00:00:00+00:00,6872.61,6879.37,6788.15,6799.47,347877
2026-01-21T00:00:00+00:00,6799.47,6912.29,6781.72,6892.63,399278
2026-01-22T00:00:00+00:00,6892.63,6936.93,6879.61,6910,191117
2026-01-23T00:00:00+00:00,6910,6932.81,6893.49,6904.1,169592
2026-01-25T00:00:00+00:00,6904.1,6904.1,6850.01,6885.11,11596
2026-01-26T00:00:00+00:00,6885.11,6966.29,6882.28,6952.97,158379
2026-01-27T00:00:00+00:00,6952.97,6990.8,6949.47,6986.18,96729.04025423729
2026-01-28T00:00:00+00:00,6986.18,7016.4400000000005,6950.92,6971.09,221572
2026-01-29T00:00:00+00:00,6971.09,7004.34,6873.37,6962.110000000001,352756
2026-01-30T00:00:00+00:00,6962.110000000001,6966.38,6893.12,6933.72,504364
2026-02-01T00:00:00+00:00,6933.72,6933.72,6895.75,6923.99,15528
2026-02-02T00:00:00+00:00,6923.99,7001.56,6841.98,6994.68,360794
2026-02-03T00:00:00+00:00,6994.68,7006.68,6865.72,6922.78,388704
2026-02-04T00:00:00+00:00,6922.78,6945.41,6842.94,6900.08,578043
2026-02-05T00:00:00+00:00,6900.08,6916.83,6747.58,6754.84,790137
2026-02-06T00:00:00+00:00,6754.84,6948.9,6735.08,6929.19,490070
2026-02-08T00:00:00+00:00,6929.19,6962.31,6929.19,6957.17,9188
2026-02-09T00:00:00+00:00,6957.17,6984.74,6905.17,6963.39,282805
2026-02-10T00:00:00+00:00,6963.39,6990.8,6941.42,6959.74,240128
2026-02-11T00:00:00+00:00,6959.74,6996.53,6916.29,6942.59,400918
2026-02-12T00:00:00+00:00,6942.59,6977.91,6827.15,6845.92,500030
2026-02-13T00:00:00+00:00,6845.92,6883.2,6794.46,6832.67,631008
2026-02-15T00:00:00+00:00,6832.67,6849,6831.52,6848,5976
2026-02-16T00:00:00+00:00,6848,6873.02,6828.56,6851.53,84858.17702739387
2026-02-17T00:00:00+00:00,6851.53,6871.09,6778.33,6837.68,574761
2026-02-18T00:00:00+00:00,6837.68,6913.23,6836.94,6882.05,241045
2026-02-19T00:00:00+00:00,6882.05,6899.53,6834.83,6867.67,316052
2026-02-20T00:00:00+00:00,6867.67,6919.11,6835.1,6912.32,459744
2026-02-22T00:00:00+00:00,6912.32,6912.34,6889.83,6895.59,8665
2026-02-23T00:00:00+00:00,6895.59,6919.65,6822.35,6847.03,336123
2026-02-24T00:00:00+00:00,6847.03,6903.23,6818.959999999999,6895.049999999999,286355.5196903399
2026-02-25T00:00:00+00:00,6895.049999999999,6971.929999999999,6883.0599999999995,6939.849999999999,187106
2026-02-26T00:00:00+00:00,6939.849999999999,6961.119999999999,6861.7699999999995,6883.01,313347.6761185939
2026-02-27T00:00:00+00:00,6883.01,6907.400000000001,6833.4400000000005,6869.41,389151
2026-03-01T00:00:00+00:00,6869.41,6869.41,6804.06,6809.4,23871
2026-03-02T00:00:00+00:00,6809.4,6903.1,6761.3,6869.92,533813
2026-03-03T00:00:00+00:00,6869.92,6872.8,6712.22,6804.4,804501
2026-03-04T00:00:00+00:00,6804.4,6887.69,6767.41,6879.64,605945
2026-03-05T00:00:00+00:00,6879.64,6894.77,6771.31,6834.62,677507
2026-03-06T00:00:00+00:00,6834.62,6847.26,6709.57,6732.61,700320
2026-03-08T00:00:00+00:00,6732.61,6732.61,6607.88,6623.38,49008
2026-03-09T00:00:00+00:00,6623.38,6813.44,6580.01,6766.89,845973
2026-03-10T00:00:00+00:00,6766.89,6846.71,6757.65,6792.49,688786
2026-03-11T00:00:00+00:00,6792.49,6818.1,6710.409999999999,6724.299999999999,525882
2026-03-12T00:00:00+00:00,6724.299999999999,6755.5599999999995,6667.159999999999,6675.19,557960
2026-03-13T00:00:00+00:00,6675.19,6732.489999999999,6622.239999999999,6629.27,574250
2026-03-15T00:00:00+00:00,6629.27,6660.05,6608.8,6646.04,32923
2026-03-16T00:00:00+00:00,6646.04,6731.09,6645.9,6698.95,457693
2026-03-17T00:00:00+00:00,6698.95,6756.639999999999,6662.95,6715.23,463178
2026-03-18T00:00:00+00:00,6715.23,6762.49,6604.73,6620.3099999999995,571075
2026-03-19T00:00:00+00:00,6620.3099999999995,6644.8099999999995,6562.599999999999,6620.070000000002,799344.8725984901
2026-03-20T00:00:00+00:00,6620.070000000002,6632.320000000002,6470.850000000002,6525.22,462465
2026-03-22T00:00:00+00:00,6525.22,6525.22,6455.63,6487.6,33666
2026-03-23T00:00:00+00:00,6487.6,6694.46,6431.86,6594.15,814447
2026-03-24T00:00:00+00:00,6594.15,6628.05,6522.84,6600.79,687504
2026-03-25T00:00:00+00:00,6600.79,6634.09,6566.34,6580.51,485814
2026-03-26T00:00:00+00:00,6580.51,6597.52,6467.77,6502.81,493456
2026-03-27T00:00:00+00:00,6502.81,6519.94,6340.81,6349.42,483804
2026-03-29T00:00:00+00:00,6349.42,6349.42,6317.33,6321.95,38784
2026-03-30T00:00:00+00:00,6321.95,6435.7,6313.850000000001,6327.680000000001,606671.7151943727
2026-03-31T00:00:00+00:00,6327.680000000001,6547.680000000001,6308.930000000001,6545.3200000000015,860268
2026-04-01T00:00:00+00:00,6545.3200000000015,6609.240000000002,6531.180000000001,6570.720000000001,549411
2026-04-02T00:00:00+00:00,6570.720000000001,6600.620000000001,6459.740000000002,6580.450000000001,694113.3448394495
2026-04-03T00:00:00+00:00,6580.450000000001,6595.470000000001,6554.950000000001,6560.200000000001,46008
2026-04-05T00:00:00+00:00,6560.73,6560.73,6525.76,6545.99,34030.58506269507
2026-04-06T00:00:00+00:00,6545.99,6619.03,6544.73,6601.19,397932
2026-04-07T00:00:00+00:00,6601.19,6780.07,6532.349999999999,6765.68,586203
2026-04-08T00:00:00+00:00,6765.68,6808.57,6741.61,6774.87,463068
2026-04-09T00:00:00+00:00,6774.87,6837.93,6754.61,6818.89,328869
2026-04-10T00:00:00+00:00,6818.89,6848.78,6809.3099999999995,6824,213296.1721414374
2026-04-12T00:00:00+00:00,6824,6824,6732.13,6749.4,25059
2026-04-13T00:00:00+00:00,6749.4,6897.47,6742.39,6891.46,274241.97349513014
2026-04-14T00:00:00+00:00,6891.46,6980.42,6885.95,6975.53,175725
2026-04-15T00:00:00+00:00,6975.53,7036.329999999999,6958.65,7035.339999999999,192519.89793863427
2026-04-16T00:00:00+00:00,7035.339999999999,7055.649999999999,7012.879999999999,7050.8099999999995,213185.95823095823
2026-04-17T00:00:00+00:00,7050.8099999999995,7153.129999999999,7042.8099999999995,7130.32,273306.2786704745
2026-04-19T00:00:00+00:00,7130.32,7130.32,7054.67,7076.27,21304
2026-04-20T00:00:00+00:00,7076.27,7131.57,7071.03,7125.81,280783
2026-04-21T00:00:00+00:00,7125.81,7153.57,7055.85,7102.68,392954
2026-04-22T00:00:00+00:00,7102.68,7144.5,7100.2,7135.499999999998,244689.70511620995
2026-04-23T00:00:00+00:00,7135.499999999998,7154.309999999998,7052.409999999998,7126.809999999998,484094
2026-04-24T00:00:00+00:00,7126.809999999998,7173.669999999997,7108.799999999997,7169.08,321313.1006185567
2026-04-26T00:00:00+00:00,7169.08,7169.08,7146.66,7153.93,8757
2026-04-27T00:00:00+00:00,7153.93,7196.88,7152.41,7193.11,237837
2026-04-28T00:00:00+00:00,7193.11,7199.13,7122.16,7156.25,383054.638410596
2026-04-29T00:00:00+00:00,7156.25,7173.549999999998,7108.069999999999,7169.789999999999,348789.8725289316
2026-04-30T00:00:00+00:00,7169.789999999999,7240.799999999998,7110.799999999998,7230.059999999999,428316
2026-05-01T00:00:00+00:00,7230.059999999999,7278.229999999999,7223.47,7224.48,224532.074264436
2026-05-03T00:00:00+00:00,7224.48,7258.29,7224.48,7241.18,10739
2026-05-04T00:00:00+00:00,7241.18,7253.69,7178.72,7207.12,403033
2026-05-05T00:00:00+00:00,7207.12,7300.34,7203.61,7294.84,210064
2026-05-06T00:00:00+00:00,7294.84,7376.39,7279.82,7360.529999999999,305702.2489727591
2026-05-07T00:00:00+00:00,7360.529999999999,7391.279999999999,7318.179999999999,7343.3099999999995,316566
2026-05-08T00:00:00+00:00,7343.3099999999995,7408.369999999999,7343.3099999999995,7401.65,208682
2026-05-10T00:00:00+00:00,7401.65,7401.65,7372.37,7384.51,13502
2026-05-11T00:00:00+00:00,7384.51,7436.429999999999,7378.88,7420.839999999999,197307.6005860581
2026-05-12T00:00:00+00:00,7420.839999999999,7421.089999999999,7345.639999999999,7394.619999999999,328530.0149047289
2026-05-13T00:00:00+00:00,7394.619999999999,7467.089999999999,7381.9,7463.7,251356.68502232444
2026-05-14T00:00:00+00:00,7463.7,7523.45,7454.63,7503.98,325261.4512090428
2026-05-15T00:00:00+00:00,7503.98,7509.63,7392.59,7400.02,550910.5993882417
2026-05-17T00:00:00+00:00,7400.02,7419.86,7382.84,7396.34,37018
2026-05-18T00:00:00+00:00,7396.34,7439.15,7359.02,7414.41,685820
2026-05-19T00:00:00+00:00,7414.41,7425.9,7339.700000000001,7368.010000000001,624619
2026-05-20T00:00:00+00:00,7368.010000000001,7444.180000000001,7342.260000000001,7406.620000000001,640382
2026-05-21T00:00:00+00:00,7406.620000000001,7472.430000000001,7394.400000000001,7466.030000000001,565428
2026-05-22T00:00:00+00:00,7466.030000000001,7510.470000000001,7455.910000000001,7472.02,324047.19443311583
2026-05-24T00:00:00+00:00,7472.02,7532.52,7472.02,7526.03,15056
2026-05-25T00:00:00+00:00,7526.03,7558.57,7523.76,7536.55,73259.43356403752
2026-05-26T00:00:00+00:00,7536.55,7544.12,7506.1,7533.11,220493.27920849703
2026-05-27T00:00:00+00:00,7533.11,7560.12,7504.65,7524.75,292669.44879241823
2026-05-28T00:00:00+00:00,7524.75,7583.06,7496.14,7575.950000000001,261157
2026-05-29T00:00:00+00:00,7575.950000000001,7602.25,7563.4400000000005,7580.55,243772.66972163325
2026-05-31T00:00:00+00:00,7580.55,7598.5,7577.5,7597.24,9264
2026-06-01T00:00:00+00:00,7597.24,7624.28,7568.3,7588.49,263862
2026-06-02T00:00:00+00:00,7588.49,7624.55,7568.98,7617.62,229750
2026-06-03T00:00:00+00:00,7617.62,7620.35,7521.960000000001,7527.210000000001,281674.30721237836
2026-06-04T00:00:00+00:00,7527.210000000001,7604.280000000001,7517.460000000001,7565.840000000001,339201
2026-06-05T00:00:00+00:00,7565.840000000001,7571.360000000001,7351.56,7356.91,677842.5274155468
2026-06-07T00:00:00+00:00,7356.91,7398.77,7350.02,7394.89,53144
2026-06-08T00:00:00+00:00,7394.89,7471.32,7378.87,7405.35,821881
2026-06-09T00:00:00+00:00,7405.35,7486.3,7242.4,7374.29,1166945
2026-06-10T00:00:00+00:00,7374.29,7400.35,7228.3,7245.4400000000005,1247101.7051159183
2026-06-11T00:00:00+00:00,7245.4400000000005,7415.750000000001,7241.68,7411.200000000001,1149025
2026-06-12T00:00:00+00:00,7411.200000000001,7457.52,7362.750000000001,7435.05,715582.8267935519
2026-06-14T00:00:00+00:00,7435.05,7501.53,7435.05,7493.78,38720
2026-06-15T00:00:00+00:00,7493.78,7581.33,7491.26,7553.51,337759
2026-06-16T00:00:00+00:00,7553.51,7568.31,7507.49,7522.28,581849
2026-06-17T00:00:00+00:00,7522.28,7542.93,7403.33,7471.97,890368
2026-06-18T00:00:00+00:00,7471.97,7513.49,7461.49,7497.23,492163
2026-06-19T00:00:00+00:00,7497.23,7500.16,7452.22,7479.779999999999,128688.24861019626
2026-06-21T00:00:00+00:00,7488.01,7488.01,7446.16,7449.05,24904
2026-06-22T00:00:00+00:00,7449.05,7532.36,7447.54,7465.43,459056.02154203237
2026-06-23T00:00:00+00:00,7465.43,7478.9400000000005,7348.720000000001,7381.500000000001,724810
2026-06-24T00:00:00+00:00,7381.500000000001,7431.18,7338.670000000001,7406.910000000001,758680
2026-06-25T00:00:00+00:00,7406.910000000001,7431.050000000001,7325.830000000001,7359.180000000001,865639.7324360646
2026-06-26T00:00:00+00:00,7359.180000000001,7394.8600000000015,7292.540000000002,7336.49,782651.7721372723
2026-06-28T00:00:00+00:00,7336.49,7395.12,7336.49,7386.85,30391
2026-06-29T00:00:00+00:00,7386.85,7444.67,7348.65,7435.01,564298
2026-06-30T00:00:00+00:00,7435.01,7507.44,7421.63,7485.25,322226
2026-07-01T00:00:00+00:00,7485.25,7519.69,7446.42,7475.849999999999,399837.90846701554
2026-07-02T00:00:00+00:00,7475.849999999999,7535.0199999999995,7420.78,7478.339999999999,735600
2026-07-03T00:00:00+00:00,7478.339999999999,7507.23,7469.349999999999,7503.58,131134.0142880574
2026-07-05T00:00:00+00:00,7499.23,7515.58,7496.43,7514.82,15712
2026-07-06T00:00:00+00:00,7514.82,7547.38,7483.06,7531.64,297930
2026-07-07T00:00:00+00:00,7531.64,7540.77,7475.55,7485.86,464847
2026-07-08T00:00:00+00:00,7485.86,7510,7415.25,7474.660000000001,636386.2318166345
2026-07-09T00:00:00+00:00,7474.660000000001,7542.730000000001,7472.410000000001,7536.4000000000015,327690
2026-07-10T00:00:00+00:00,7536.4000000000015,7574.88,7504.580000000001,7573.57,270545.79780141066
2026-07-12T00:00:00+00:00,7573.57,7573.57,7541,7548.49,15372
2026-07-13T00:00:00+00:00,7548.49,7564.74,7491.97,7503.74,382084
2026-07-14T00:00:00+00:00,7503.74,7563.99,7481.99,7553.45,480890
2026-07-15T00:00:00+00:00,7553.45,7577.01,7522.74,7567.96,333455.4082381856
2026-07-16T00:00:00+00:00,7567.96,7583.46,7499.99,7512.99,364112
2026-07-17T00:00:00+00:00,7512.99,7516.13,7425.66,7448.97,506011.4184468131
2026-07-19T00:00:00+00:00,7448.97,7461.69,7438.56,7460.7,23695
2026-07-20T00:00:00+00:00,7460.7,7508.37,7430.57,7442.56,416106
2026-07-21T00:00:00+00:00,7442.56,7511.38,7431.32,7501.49,237235
2026-07-22T00:00:00+00:00,7501.49,7521.29,7462.76,7489.59,268333
2026-07-23T00:00:00+00:00,7489.59,7508.83,7371.14,7408.53,495527
2026-07-24T00:00:00+00:00,7408.53,7455.97,7391.09,7404.01,477650
2026-07-26T00:00:00+00:00,7404.01,7473.63,7404.01,7472.62,13262
2026-07-27T00:00:00+00:00,7472.62,7486.12,7377.93,7410.29,521094
2026-07-28T00:00:00+00:00,7410.29,7458.55,7379.83,7458.04,608486
2026-07-29T00:00:00+00:00,7458.04,7463.92,7288.03,7343.23,912349
2026-07-30T00:00:00+00:00,7343.23,7461.89,7316.48,7453.900000000001,643083
2026-07-31T00:00:00+00:00,7453.900000000001,7506.97,7393.950000000001,7483.37,519110
2026-08-02T00:00:00+00:00,7483.37,7524.08,7483.37,7517.83,19092
2026-08-03T00:00:00+00:00,7517.83,7604.01,7509.63,7602.900000000001,242445
2026-08-04T00:00:00+00:00,7602.900000000001,7753.22,7596.900000000001,7745.62,273143
2026-08-05T00:00:00+00:00,7745.62,7788.42,7714.18,7731.13,381239
2026-08-06T00:00:00+00:00,7731.13,7737.55,7693.67,7709.740000000001,354825
2026-08-07T00:00:00+00:00,7709.740000000001,7756.56,7695.25,7746.21,338731
2026-08-09T00:00:00+00:00,7746.21,7750.73,7734.61,7738.09,9561
2026-08-10T00:00:00+00:00,7738.09,7768.27,7735.86,7742.75,182653.23779270286
2026-08-11T00:00:00+00:00,7742.75,7767.89,7710.15,7729.13,176166.0157035176
2026-08-12T00:00:00+00:00,7729.13,7767.68,7722.38,7743.92,183095.3982400491
2026-08-13T00:00:00+00:00,7743.92,7813.990000000001,7740.18,7802.2300000000005,139355.99197063546
2026-08-14T00:00:00+00:00,7802.2300000000005,7807.9800000000005,7773.26,7779.28,116686.00320232623
2026-08-16T00:00:00+00:00,7779.28,7791.85,7779.28,7791.1,3110.1709557249774
2026-08-17T00:00:00+00:00,7791.1,7803.35,7742.18,7747.7,126827.1203264415
2026-08-18T00:00:00+00:00,7747.7,7749.95,7687.95,7691.7,223830
2026-08-19T00:00:00+00:00,7691.7,7745.75,7679.2,7722.28,271304
2026-08-20T00:00:00+00:00,7722.28,7727.3,7640.03,7649.99,327827
2026-08-21T00:00:00+00:00,7649.99,7697.67,7645.12,7673.37,199658.72866391996
2026-08-23T00:00:00+00:00,7673.37,7688,7667.23,7687.74,8418
2026-08-24T00:00:00+00:00,7687.74,7688.98,7640.79,7658.49,288369
2026-08-25T00:00:00+00:00,7658.49,7701.49,7648.24,7670.46,218611
2026-08-26T00:00:00+00:00,7670.46,7729.95,7659.46,7727.57,221099
2026-08-27T00:00:00+00:00,7727.57,7745.01,7692.75,7718.860000000001,267309
2026-08-28T00:00:00+00:00,7718.860000000001,7772.43,7701.91,7713.36,318486
2026-08-30T00:00:00+00:00,7713.36,7715.62,7680.1,7680.35,15630
2026-08-31T00:00:00+00:00,7680.35,7709.97,7666.65,7695.37,233463
2026-09-01T00:00:00+00:00,7695.37,7700.02,7613.3,7638.97,256772
2026-09-02T00:00:00+00:00,7638.97,7683.9,7611.34,7672.74,238125
2026-09-03T00:00:00+00:00,7672.74,7759.29,7654.24,7744.96,220914
2026-09-04T00:00:00+00:00,7744.96,7756.7,7704.24,7708.29,164313
2026-09-06T00:00:00+00:00,7708.29,7718.33,7708.29,7714.83,4185
2026-09-07T00:00:00+00:00,7714.83,7723.08,7694.04,7706.93,59098
2026-09-08T00:00:00+00:00,7706.93,7720.31,7667.1,7669.88,223746
2026-09-09T00:00:00+00:00,7669.88,7683.13,7669.74,7680.38,10190
